review,answer
"Tuve una experiencia maravillosa en el Restaurante Santa Mónica. La comida fue deliciosa, el servicio fue excepcional y el ambiente fue encantador. Definitivamente volveré.", "¡Gracias por tu amable reseña! Estamos encantados de saber que disfrutaste de tu experiencia en el Restaurante Santa Mónica. Esperamos verte pronto de nuevo."
"La comida en el Restaurante Santa Mónica es increíble. Cada bocado estaba lleno de sabores deliciosos y la presentación era impecable. Estoy ansioso por probar más platos en mi próxima visita.","Nos alegra saber que disfrutaste de nuestra comida. Gracias por tu positiva reseña. ¡Esperamos verte pronto para ofrecerte más deliciosa cocina!"
"El servicio en el Restaurante Santa Mónica fue impecable. El personal fue amable, atento y siempre dispuesto a hacer que nuestra experiencia fuera memorable. Definitivamente regresaré.","Apreciamos tus amables palabras sobre nuestro servicio. Nos esforzamos por brindar la mejor atención posible a nuestros clientes. ¡Esperamos servirte de nuevo!"
"El personal en el Restaurante Santa Mónica hizo que mi visita fuera excepcional. Fueron amables, conocedores y crearon un ambiente acogedor. Planeo regresar pronto.", "Gracias por destacar a nuestro personal. Nos enorgullece contar con un equipo dedicado. ¡Esperamos darte la bienvenida de nuevo pronto!"
"Mi visita al Restaurante Santa Mónica fue inolvidable. La comida, el servicio y la atmósfera fueron sobresalientes. Definitivamente recomendaré este lugar a mis amigos y familiares.","Nos complace saber que tu visita fue memorable. Agradecemos tus elogios y esperamos tener el placer de atenderte nuevamente en el Restaurante Santa Mónica."
"Mi experiencia en el Restaurante Santa Mónica no fue tan positiva como esperaba. Hubo algunos problemas con el servicio que creo que podrían mejorarse. Estoy seguro de que tomarán medidas para mejorar en el futuro.", "Lamentamos escuchar que tu experiencia no estuvo a la altura de tus expectativas. Valoramos tu retroalimentación y trabajaremos arduamente para mejorar."
"Hubo algunos contratiempos durante mi visita al Restaurante Santa Mónica, pero aprecio que estén dispuestos a abordar los problemas. Espero que tomen medidas para garantizar una experiencia más fluida la próxima vez.","Pedimos disculpas por cualquier inconveniente durante tu visita. Tu retroalimentación es valiosa para nosotros y tomaremos medidas para abordar tus preocupaciones."
"La comida en el Restaurante Santa Mónica no cumplió con mis expectativas. Me gustaría proporcionar más detalles sobre mi experiencia para que puedan tomar medidas y mejorar la calidad de la comida.","Lamentamos escuchar que no quedaste satisfecho con la comida. Nos gustaría tener más detalles para mejorar. ¿Podrías contactarnos para discutirlo más a fondo?"
"Me decepcionó la calidad de la comida en el Restaurante Santa Mónica. Como cliente habitual, esperaba más y creo que podrían mejorar en la preparación de sus platos.","Sentimos que tu experiencia no haya sido positiva. Nos esforzamos por ofrecer la mejor calidad en nuestros platos, y tomamos en serio tus comentarios para hacer mejoras."
"Mi última visita al Restaurante Santa Mónica no fue tan excepcional como las anteriores. Aprecio que valoren mi opinión y confío en que harán mejoras para ofrecer experiencias excepcionales en el futuro.","Lamentamos que no hayas tenido una experiencia excepcional. Apreciamos tus comentarios y trabajaremos para garantizar que futuras visitas superen tus expectativas."
"El servicio en el Restaurante Santa Mónica siempre es destacado. El personal es amable y eficiente, y siempre hacen que mi visita sea agradable. ¡Volveré pronto!","Gracias por destacar nuestro servicio. Nos esforzamos por brindar atención de calidad a todos nuestros clientes. ¡Esperamos tener el placer de servirte de nuevo!"
"Experimenté algunos problemas con el servicio en mi última visita al Restaurante Santa Mónica. Aprecio que estén dispuestos a abordar estos problemas y espero que implementen cambios para evitar futuros inconvenientes.","Lamentamos cualquier inconveniente en el servicio. Tomamos tus comentarios en serio y revisaremos nuestros procesos para evitar problemas similares en el futuro."
"El servicio en el Restaurante Santa Mónica siempre cumple con mis expectativas. El personal es atento y amable, y siempre hacen que mi experiencia sea memorable. No puedo esperar para volver.","Nos alegra saber que nuestro servicio estuvo a la altura de tus expectativas. Agradecemos tu amable reseña y esperamos verte pronto para otra excelente experiencia."
"Desafortunadamente, tuve una experiencia decepcionante con el servicio en el Restaurante Santa Mónica. Estoy agradecido de que tomen en serio mi retroalimentación y espero que aborden las áreas de mejora identificadas.","Sentimos que tuviste una experiencia decepcionante con nuestro servicio. Agradecemos tus comentarios y trabajaremos para abordar cualquier área de mejora identificada."
"La comida en el Restaurante Santa Mónica siempre supera mis expectativas. Cada plato es delicioso y auténtico. ¡Definitivamente regresaré para más delicias culinarias!","Agradecemos tu positiva reseña sobre la comida. Nos esforzamos por ofrecer platos deliciosos y auténticos. ¡Esperamos que vuelvas pronto para más experiencias gastronómicas!"
"No quedé satisfecho con la calidad de la comida en mi última visita al Restaurante Santa Mónica. Aprecio que tomen en serio mi opinión y confío en que harán mejoras para ofrecer platos más sabrosos.","Lamentamos que la comida no haya cumplido con tus expectativas. Valoramos tu opinión y haremos todo lo posible para mejorar la calidad de nuestros platos."
"La variedad de platos en el Restaurante Santa Mónica es impresionante. Cada opción es deliciosa y bien preparada. Estoy emocionado de regresar y probar más platos en mi próxima visita.","Nos complace saber que disfrutaste de nuestra variedad de platos. Agradecemos tu reseña positiva y esperamos tener el placer de servirte de nuevo en el Restaurante Santa Mónica."
"Experimenté algunos problemas con la comida en mi última visita al Restaurante Santa Mónica. Agradezco que tomen en serio estos problemas y estoy seguro de que implementarán cambios para mejorar la experiencia culinaria.", "Lamentamos cualquier inconveniente relacionado con la comida. Tu experiencia es importante para nosotros y tomaremos medidas para abordar cualquier problema identificado."
"El personal en el Restaurante Santa Mónica siempre hace que mi visita sea especial. Son amables, atentos y se esfuerzan por brindar un servicio excepcional. ¡Definitivamente volveré para disfrutar de su hospitalidad!","Gracias por resaltar a nuestro amable personal. Nos enorgullece contar con camareros dedicados. ¡Esperamos atenderte de nuevo en el Restaurante Santa Mónica!"
"Desafortunadamente, tuve una interacción negativa con el personal en mi última visita al Restaurante Santa Mónica. Aprecio que tomen en serio mi retroalimentación y confío en que mejorarán para ofrecer un servicio más positivo en el futuro.","Lamentamos escuchar que tu interacción con nuestro personal no fue positiva. Tomamos en serio tu retroalimentación y trabajaremos para garantizar una mejor experiencia en el futuro."